id,kode_provinsi,nama_provinsi,kode_kabupaten_kota,nama_kabupaten_kota,status_kepemilikan_bangunan,persentase_rumah_tangga,satuan,tahun
1,32,JAWA BARAT,3201,KABUPATEN BOGOR,LAINNYA,0.0,PERSEN,2018
2,32,JAWA BARAT,3201,KABUPATEN BOGOR,RUMAH DINAS,0.0,PERSEN,2018
3,32,JAWA BARAT,3201,KABUPATEN BOGOR,BEBAS SEWA,26.02,PERSEN,2018
4,32,JAWA BARAT,3201,KABUPATEN BOGOR,KONTRAK/SEWA,0.0,PERSEN,2018
5,32,JAWA BARAT,3201,KABUPATEN BOGOR,MILIK SENDIRI,73.98,PERSEN,2018
6,32,JAWA BARAT,3202,KABUPATEN SUKABUMI,LAINNYA,0.0,PERSEN,2018
7,32,JAWA BARAT,3202,KABUPATEN SUKABUMI,RUMAH DINAS,0.0,PERSEN,2018
8,32,JAWA BARAT,3202,KABUPATEN SUKABUMI,BEBAS SEWA,10.37,PERSEN,2018
9,32,JAWA BARAT,3202,KABUPATEN SUKABUMI,KONTRAK/SEWA,6.05,PERSEN,2018
10,32,JAWA BARAT,3202,KABUPATEN SUKABUMI,MILIK SENDIRI,83.58,PERSEN,2018
11,32,JAWA BARAT,3203,KABUPATEN CIANJUR,LAINNYA,1.63,PERSEN,2018
12,32,JAWA BARAT,3203,KABUPATEN CIANJUR,RUMAH DINAS,0.0,PERSEN,2018
13,32,JAWA BARAT,3203,KABUPATEN CIANJUR,BEBAS SEWA,11.38,PERSEN,2018
14,32,JAWA BARAT,3203,KABUPATEN CIANJUR,KONTRAK/SEWA,1.89,PERSEN,2018
15,32,JAWA BARAT,3203,KABUPATEN CIANJUR,MILIK SENDIRI,85.1,PERSEN,2018
16,32,JAWA BARAT,3204,KABUPATEN BANDUNG,LAINNYA,0.0,PERSEN,2018
17,32,JAWA BARAT,3204,KABUPATEN BANDUNG,RUMAH DINAS,2.61,PERSEN,2018
18,32,JAWA BARAT,3204,KABUPATEN BANDUNG,BEBAS SEWA,21.17,PERSEN,2018
19,32,JAWA BARAT,3204,KABUPATEN BANDUNG,KONTRAK/SEWA,2.93,PERSEN,2018
20,32,JAWA BARAT,3204,KABUPATEN BANDUNG,MILIK SENDIRI,73.29,PERSEN,2018
21,32,JAWA BARAT,3205,KABUPATEN GARUT,LAINNYA,0.0,PERSEN,2018
22,32,JAWA BARAT,3205,KABUPATEN GARUT,RUMAH DINAS,0.0,PERSEN,2018
23,32,JAWA BARAT,3205,KABUPATEN GARUT,BEBAS SEWA,8.53,PERSEN,2018
24,32,JAWA BARAT,3205,KABUPATEN GARUT,KONTRAK/SEWA,3.14,PERSEN,2018
25,32,JAWA BARAT,3205,KABUPATEN GARUT,MILIK SENDIRI,88.33,PERSEN,2018
26,32,JAWA BARAT,3206,KABUPATEN TASIKMALAYA,LAINNYA,0.0,PERSEN,2018
27,32,JAWA BARAT,3206,KABUPATEN TASIKMALAYA,RUMAH DINAS,0.0,PERSEN,2018
28,32,JAWA BARAT,3206,KABUPATEN TASIKMALAYA,BEBAS SEWA,12.99,PERSEN,2018
29,32,JAWA BARAT,3206,KABUPATEN TASIKMALAYA,KONTRAK/SEWA,0.0,PERSEN,2018
30,32,JAWA BARAT,3206,KABUPATEN TASIKMALAYA,MILIK SENDIRI,87.01,PERSEN,2018
31,32,JAWA BARAT,3207,KABUPATEN CIAMIS,LAINNYA,0.0,PERSEN,2018
32,32,JAWA BARAT,3207,KABUPATEN CIAMIS,RUMAH DINAS,0.0,PERSEN,2018
33,32,JAWA BARAT,3207,KABUPATEN CIAMIS,BEBAS SEWA,12.22,PERSEN,2018
34,32,JAWA BARAT,3207,KABUPATEN CIAMIS,KONTRAK/SEWA,1.98,PERSEN,2018
35,32,JAWA BARAT,3207,KABUPATEN CIAMIS,MILIK SENDIRI,85.8,PERSEN,2018
36,32,JAWA BARAT,3208,KABUPATEN KUNINGAN,LAINNYA,0.79,PERSEN,2018
37,32,JAWA BARAT,3208,KABUPATEN KUNINGAN,RUMAH DINAS,0.0,PERSEN,2018
38,32,JAWA BARAT,3208,KABUPATEN KUNINGAN,BEBAS SEWA,16.09,PERSEN,2018
39,32,JAWA BARAT,3208,KABUPATEN KUNINGAN,KONTRAK/SEWA,2.99,PERSEN,2018
40,32,JAWA BARAT,3208,KABUPATEN KUNINGAN,MILIK SENDIRI,80.13,PERSEN,2018
41,32,JAWA BARAT,3209,KABUPATEN CIREBON,LAINNYA,0.0,PERSEN,2018
42,32,JAWA BARAT,3209,KABUPATEN CIREBON,RUMAH DINAS,0.0,PERSEN,2018
43,32,JAWA BARAT,3209,KABUPATEN CIREBON,BEBAS SEWA,30.8,PERSEN,2018
44,32,JAWA BARAT,3209,KABUPATEN CIREBON,KONTRAK/SEWA,3.74,PERSEN,2018
45,32,JAWA BARAT,3209,KABUPATEN CIREBON,MILIK SENDIRI,65.46,PERSEN,2018
46,32,JAWA BARAT,3210,KABUPATEN MAJALENGKA,LAINNYA,0.0,PERSEN,2018
47,32,JAWA BARAT,3210,KABUPATEN MAJALENGKA,RUMAH DINAS,0.0,PERSEN,2018
48,32,JAWA BARAT,3210,KABUPATEN MAJALENGKA,BEBAS SEWA,21.47,PERSEN,2018
49,32,JAWA BARAT,3210,KABUPATEN MAJALENGKA,KONTRAK/SEWA,1.71,PERSEN,2018
50,32,JAWA BARAT,3210,KABUPATEN MAJALENGKA,MILIK SENDIRI,76.82,PERSEN,2018
51,32,JAWA BARAT,3211,KABUPATEN SUMEDANG,LAINNYA,0.0,PERSEN,2018
52,32,JAWA BARAT,3211,KABUPATEN SUMEDANG,RUMAH DINAS,0.0,PERSEN,2018
53,32,JAWA BARAT,3211,KABUPATEN SUMEDANG,BEBAS SEWA,9.87,PERSEN,2018
54,32,JAWA BARAT,3211,KABUPATEN SUMEDANG,KONTRAK/SEWA,6.74,PERSEN,2018
55,32,JAWA BARAT,3211,KABUPATEN SUMEDANG,MILIK SENDIRI,83.39,PERSEN,2018
56,32,JAWA BARAT,3212,KABUPATEN INDRAMAYU,LAINNYA,0.0,PERSEN,2018
57,32,JAWA BARAT,3212,KABUPATEN INDRAMAYU,RUMAH DINAS,0.0,PERSEN,2018
58,32,JAWA BARAT,3212,KABUPATEN INDRAMAYU,BEBAS SEWA,20.66,PERSEN,2018
59,32,JAWA BARAT,3212,KABUPATEN INDRAMAYU,KONTRAK/SEWA,3.12,PERSEN,2018
60,32,JAWA BARAT,3212,KABUPATEN INDRAMAYU,MILIK SENDIRI,76.22,PERSEN,2018
61,32,JAWA BARAT,3213,KABUPATEN SUBANG,LAINNYA,0.0,PERSEN,2018
62,32,JAWA BARAT,3213,KABUPATEN SUBANG,RUMAH DINAS,0.0,PERSEN,2018
63,32,JAWA BARAT,3213,KABUPATEN SUBANG,BEBAS SEWA,2.59,PERSEN,2018
64,32,JAWA BARAT,3213,KABUPATEN SUBANG,KONTRAK/SEWA,2.95,PERSEN,2018
65,32,JAWA BARAT,3213,KABUPATEN SUBANG,MILIK SENDIRI,94.46,PERSEN,2018
66,32,JAWA BARAT,3214,KABUPATEN PURWAKARTA,LAINNYA,0.0,PERSEN,2018
67,32,JAWA BARAT,3214,KABUPATEN PURWAKARTA,RUMAH DINAS,0.0,PERSEN,2018
68,32,JAWA BARAT,3214,KABUPATEN PURWAKARTA,BEBAS SEWA,11.51,PERSEN,2018
69,32,JAWA BARAT,3214,KABUPATEN PURWAKARTA,KONTRAK/SEWA,2.92,PERSEN,2018
70,32,JAWA BARAT,3214,KABUPATEN PURWAKARTA,MILIK SENDIRI,85.57,PERSEN,2018
71,32,JAWA BARAT,3215,KABUPATEN KARAWANG,LAINNYA,2.62,PERSEN,2018
72,32,JAWA BARAT,3215,KABUPATEN KARAWANG,RUMAH DINAS,0.0,PERSEN,2018
73,32,JAWA BARAT,3215,KABUPATEN KARAWANG,BEBAS SEWA,10.43,PERSEN,2018
74,32,JAWA BARAT,3215,KABUPATEN KARAWANG,KONTRAK/SEWA,1.2,PERSEN,2018
75,32,JAWA BARAT,3215,KABUPATEN KARAWANG,MILIK SENDIRI,85.75,PERSEN,2018
76,32,JAWA BARAT,3216,KABUPATEN BEKASI,LAINNYA,3.48,PERSEN,2018
77,32,JAWA BARAT,3216,KABUPATEN BEKASI,RUMAH DINAS,0.0,PERSEN,2018
78,32,JAWA BARAT,3216,KABUPATEN BEKASI,BEBAS SEWA,17.19,PERSEN,2018
79,32,JAWA BARAT,3216,KABUPATEN BEKASI,KONTRAK/SEWA,0.0,PERSEN,2018
80,32,JAWA BARAT,3216,KABUPATEN BEKASI,MILIK SENDIRI,79.33,PERSEN,2018
81,32,JAWA BARAT,3217,KABUPATEN BANDUNG BARAT,LAINNYA,0.79,PERSEN,2018
82,32,JAWA BARAT,3217,KABUPATEN BANDUNG BARAT,RUMAH DINAS,0.0,PERSEN,2018
83,32,JAWA BARAT,3217,KABUPATEN BANDUNG BARAT,BEBAS SEWA,11.06,PERSEN,2018
84,32,JAWA BARAT,3217,KABUPATEN BANDUNG BARAT,KONTRAK/SEWA,0.0,PERSEN,2018
85,32,JAWA BARAT,3217,KABUPATEN BANDUNG BARAT,MILIK SENDIRI,88.15,PERSEN,2018
86,32,JAWA BARAT,3218,KABUPATEN PANGANDARAN,LAINNYA,0.0,PERSEN,2018
87,32,JAWA BARAT,3218,KABUPATEN PANGANDARAN,RUMAH DINAS,0.0,PERSEN,2018
88,32,JAWA BARAT,3218,KABUPATEN PANGANDARAN,BEBAS SEWA,5.92,PERSEN,2018
89,32,JAWA BARAT,3218,KABUPATEN PANGANDARAN,KONTRAK/SEWA,2.57,PERSEN,2018
90,32,JAWA BARAT,3218,KABUPATEN PANGANDARAN,MILIK SENDIRI,91.51,PERSEN,2018
91,32,JAWA BARAT,3271,KOTA BOGOR,LAINNYA,0.0,PERSEN,2018
92,32,JAWA BARAT,3271,KOTA BOGOR,RUMAH DINAS,0.61,PERSEN,2018
93,32,JAWA BARAT,3271,KOTA BOGOR,BEBAS SEWA,12.25,PERSEN,2018
94,32,JAWA BARAT,3271,KOTA BOGOR,KONTRAK/SEWA,1.87,PERSEN,2018
95,32,JAWA BARAT,3271,KOTA BOGOR,MILIK SENDIRI,85.27,PERSEN,2018
96,32,JAWA BARAT,3272,KOTA SUKABUMI,LAINNYA,8.04,PERSEN,2018
97,32,JAWA BARAT,3272,KOTA SUKABUMI,RUMAH DINAS,0.0,PERSEN,2018
98,32,JAWA BARAT,3272,KOTA SUKABUMI,BEBAS SEWA,39.01,PERSEN,2018
99,32,JAWA BARAT,3272,KOTA SUKABUMI,KONTRAK/SEWA,21.19,PERSEN,2018
100,32,JAWA BARAT,3272,KOTA SUKABUMI,MILIK SENDIRI,31.76,PERSEN,2018
101,32,JAWA BARAT,3273,KOTA BANDUNG,LAINNYA,0.0,PERSEN,2018
102,32,JAWA BARAT,3273,KOTA BANDUNG,RUMAH DINAS,0.0,PERSEN,2018
103,32,JAWA BARAT,3273,KOTA BANDUNG,BEBAS SEWA,8.37,PERSEN,2018
104,32,JAWA BARAT,3273,KOTA BANDUNG,KONTRAK/SEWA,35.08,PERSEN,2018
105,32,JAWA BARAT,3273,KOTA BANDUNG,MILIK SENDIRI,56.55,PERSEN,2018
106,32,JAWA BARAT,3274,KOTA CIREBON,LAINNYA,0.0,PERSEN,2018
107,32,JAWA BARAT,3274,KOTA CIREBON,RUMAH DINAS,0.0,PERSEN,2018
108,32,JAWA BARAT,3274,KOTA CIREBON,BEBAS SEWA,29.69,PERSEN,2018
109,32,JAWA BARAT,3274,KOTA CIREBON,KONTRAK/SEWA,3.97,PERSEN,2018
110,32,JAWA BARAT,3274,KOTA CIREBON,MILIK SENDIRI,66.34,PERSEN,2018
111,32,JAWA BARAT,3275,KOTA BEKASI,LAINNYA,0.0,PERSEN,2018
112,32,JAWA BARAT,3275,KOTA BEKASI,RUMAH DINAS,0.0,PERSEN,2018
113,32,JAWA BARAT,3275,KOTA BEKASI,BEBAS SEWA,8.66,PERSEN,2018
114,32,JAWA BARAT,3275,KOTA BEKASI,KONTRAK/SEWA,53.52,PERSEN,2018
115,32,JAWA BARAT,3275,KOTA BEKASI,MILIK SENDIRI,37.82,PERSEN,2018
116,32,JAWA BARAT,3276,KOTA DEPOK,LAINNYA,0.0,PERSEN,2018
117,32,JAWA BARAT,3276,KOTA DEPOK,RUMAH DINAS,0.0,PERSEN,2018
118,32,JAWA BARAT,3276,KOTA DEPOK,BEBAS SEWA,28.3,PERSEN,2018
119,32,JAWA BARAT,3276,KOTA DEPOK,KONTRAK/SEWA,6.83,PERSEN,2018
120,32,JAWA BARAT,3276,KOTA DEPOK,MILIK SENDIRI,64.87,PERSEN,2018
121,32,JAWA BARAT,3277,KOTA CIMAHI,LAINNYA,0.0,PERSEN,2018
122,32,JAWA BARAT,3277,KOTA CIMAHI,RUMAH DINAS,0.0,PERSEN,2018
123,32,JAWA BARAT,3277,KOTA CIMAHI,BEBAS SEWA,47.37,PERSEN,2018
124,32,JAWA BARAT,3277,KOTA CIMAHI,KONTRAK/SEWA,32.75,PERSEN,2018
125,32,JAWA BARAT,3277,KOTA CIMAHI,MILIK SENDIRI,19.88,PERSEN,2018
126,32,JAWA BARAT,3278,KOTA TASIKMALAYA,LAINNYA,0.0,PERSEN,2018
127,32,JAWA BARAT,3278,KOTA TASIKMALAYA,RUMAH DINAS,0.0,PERSEN,2018
128,32,JAWA BARAT,3278,KOTA TASIKMALAYA,BEBAS SEWA,25.08,PERSEN,2018
129,32,JAWA BARAT,3278,KOTA TASIKMALAYA,KONTRAK/SEWA,5.91,PERSEN,2018
130,32,JAWA BARAT,3278,KOTA TASIKMALAYA,MILIK SENDIRI,69.0,PERSEN,2018
131,32,JAWA BARAT,3279,KOTA BANJAR,LAINNYA,0.0,PERSEN,2018
132,32,JAWA BARAT,3279,KOTA BANJAR,RUMAH DINAS,0.0,PERSEN,2018
133,32,JAWA BARAT,3279,KOTA BANJAR,BEBAS SEWA,12.11,PERSEN,2018
134,32,JAWA BARAT,3279,KOTA BANJAR,KONTRAK/SEWA,0.0,PERSEN,2018
135,32,JAWA BARAT,3279,KOTA BANJAR,MILIK SENDIRI,87.89,PERSEN,2018
