id,jenis_komoditi_makanan,daerah,persentase_garis_kemiskinan,satuan,tahun
1,BERAS,PERKOTAAN,23.49,PERSEN,2021
2,BERAS,PERDESAAN,26.89,PERSEN,2021
3,ROKOK KRETEK FILTER,PERKOTAAN,12.03,PERSEN,2021
4,ROKOK KRETEK FILTER,PERDESAAN,8.96,PERSEN,2021
5,DAGING AYAM RAS,PERKOTAAN,5.17,PERSEN,2021
6,DAGING AYAM RAS,PERDESAAN,4.33,PERSEN,2021
7,TELUR AYAM RAS,PERKOTAAN,4.68,PERSEN,2021
8,TELUR AYAM RAS,PERDESAAN,4.2,PERSEN,2021
9,KOPI BUBUK & KOPI INSTAN (SACHET),PERKOTAAN,3.18,PERSEN,2021
10,KOPI BUBUK & KOPI INSTAN (SACHET),PERDESAAN,3.03,PERSEN,2021
11,MIE INSTAN,PERKOTAAN,2.97,PERSEN,2021
12,MIE INSTAN,PERDESAAN,2.61,PERSEN,2021
13,ROTI,PERKOTAAN,1.76,PERSEN,2021
14,ROTI,PERDESAAN,2.56,PERSEN,2021
15,TAHU,PERKOTAAN,1.57,PERSEN,2021
16,TAHU,PERDESAAN,1.85,PERSEN,2021
17,KUE KERING/BISKUIT,PERKOTAAN,1.49,PERSEN,2021
18,KUE KERING/BISKUIT,PERDESAAN,1.83,PERSEN,2021
19,CABE RAWIT,PERKOTAAN,1.39,PERSEN,2021
20,CABE RAWIT,PERDESAAN,1.59,PERSEN,2021
21,TEMPE,PERKOTAAN,1.37,PERSEN,2021
22,TEMPE,PERDESAAN,1.54,PERSEN,2021
23,BAWANG MERAH,PERKOTAAN,1.23,PERSEN,2021
24,BAWANG MERAH,PERDESAAN,1.51,PERSEN,2021
25,KUE BASAH,PERKOTAAN,1.17,PERSEN,2021
26,KUE BASAH,PERDESAAN,1.46,PERSEN,2021
27,GULA PASIR,PERKOTAAN,1.02,PERSEN,2021
28,GULA PASIR,PERDESAAN,1.17,PERSEN,2021
29,LAINNYA,PERKOTAAN,10.48,PERSEN,2021
30,LAINNYA,PERDESAAN,12.25,PERSEN,2021
