id,kode_provinsi,nama_provinsi,semester,penduduk_miskin,satuan,tahun
1,1100,ACEH,1/1/01,19.46,PERSEN,2012
2,1100,ACEH,2/1/01,18.58,PERSEN,2012
3,1200,SUMATERA UTARA,1/1/01,10.67,PERSEN,2012
4,1200,SUMATERA UTARA,2/1/01,10.41,PERSEN,2012
5,1300,SUMATERA BARAT,1/1/01,8.19,PERSEN,2012
6,1300,SUMATERA BARAT,2/1/01,8.0,PERSEN,2012
7,1400,RIAU,1/1/01,8.22,PERSEN,2012
8,1400,RIAU,2/1/01,8.05,PERSEN,2012
9,1500,JAMBI,1/1/01,8.42,PERSEN,2012
10,1500,JAMBI,2/1/01,8.28,PERSEN,2012
11,1600,SUMATERA SELATAN,1/1/01,13.78,PERSEN,2012
12,1600,SUMATERA SELATAN,2/1/01,13.48,PERSEN,2012
13,1700,BENGKULU,1/1/01,17.7,PERSEN,2012
14,1700,BENGKULU,2/1/01,17.51,PERSEN,2012
15,1800,LAMPUNG,1/1/01,16.18,PERSEN,2012
16,1800,LAMPUNG,2/1/01,15.65,PERSEN,2012
17,1900,KEP. BANGKA BELITUNG,1/1/01,5.53,PERSEN,2012
18,1900,KEP. BANGKA BELITUNG,2/1/01,5.37,PERSEN,2012
19,2100,KEPULAUAN RIAU,1/1/01,7.11,PERSEN,2012
20,2100,KEPULAUAN RIAU,2/1/01,6.83,PERSEN,2012
21,3100,DKI JAKARTA,1/1/01,3.69,PERSEN,2012
22,3100,DKI JAKARTA,2/1/01,3.7,PERSEN,2012
23,3200,JAWA BARAT,1/1/01,10.09,PERSEN,2012
24,3200,JAWA BARAT,2/1/01,9.89,PERSEN,2012
25,3300,JAWA TENGAH,1/1/01,15.34,PERSEN,2012
26,3300,JAWA TENGAH,2/1/01,14.98,PERSEN,2012
27,3400,D I YOGYAKARTA,1/1/01,16.05,PERSEN,2012
28,3400,D I YOGYAKARTA,2/1/01,15.88,PERSEN,2012
29,3500,JAWA TIMUR,1/1/01,13.4,PERSEN,2012
30,3500,JAWA TIMUR,2/1/01,13.08,PERSEN,2012
31,3600,BANTEN,1/1/01,5.85,PERSEN,2012
32,3600,BANTEN,2/1/01,5.71,PERSEN,2012
33,5100,BALI,1/1/01,4.18,PERSEN,2012
34,5100,BALI,2/1/01,3.95,PERSEN,2012
35,5200,NUSA TENGGARA BARAT,1/1/01,18.63,PERSEN,2012
36,5200,NUSA TENGGARA BARAT,2/1/01,18.02,PERSEN,2012
37,5300,NUSA TENGGARA TIMUR,1/1/01,20.88,PERSEN,2012
38,5300,NUSA TENGGARA TIMUR,2/1/01,20.41,PERSEN,2012
39,6100,KALIMANTAN BARAT,1/1/01,8.17,PERSEN,2012
40,6100,KALIMANTAN BARAT,2/1/01,7.96,PERSEN,2012
41,6200,KALIMANTAN TENGAH,1/1/01,6.51,PERSEN,2012
42,6200,KALIMANTAN TENGAH,2/1/01,6.19,PERSEN,2012
43,6300,KALIMANTAN SELATAN,1/1/01,5.06,PERSEN,2012
44,6300,KALIMANTAN SELATAN,2/1/01,5.01,PERSEN,2012
45,6400,KALIMANTAN TIMUR,1/1/01,6.68,PERSEN,2012
46,6400,KALIMANTAN TIMUR,2/1/01,6.38,PERSEN,2012
47,6500,KALIMANTAN UTARA,1/1/01,0.0,PERSEN,2012
48,6500,KALIMANTAN UTARA,2/1/01,0.0,PERSEN,2012
49,7100,SULAWESI UTARA,1/1/01,8.18,PERSEN,2012
50,7100,SULAWESI UTARA,2/1/01,7.64,PERSEN,2012
51,7200,SULAWESI TENGAH,1/1/01,15.4,PERSEN,2012
52,7200,SULAWESI TENGAH,2/1/01,14.94,PERSEN,2012
53,7300,SULAWESI SELATAN,1/1/01,10.11,PERSEN,2012
54,7300,SULAWESI SELATAN,2/1/01,9.82,PERSEN,2012
55,7400,SULAWESI TENGGARA,1/1/01,13.71,PERSEN,2012
56,7400,SULAWESI TENGGARA,2/1/01,13.06,PERSEN,2012
57,7500,GORONTALO,1/1/01,17.33,PERSEN,2012
58,7500,GORONTALO,2/1/01,17.22,PERSEN,2012
59,7600,SULAWESI BARAT,1/1/01,13.24,PERSEN,2012
60,7600,SULAWESI BARAT,2/1/01,13.01,PERSEN,2012
61,8100,MALUKU,1/1/01,21.78,PERSEN,2012
62,8100,MALUKU,2/1/01,20.76,PERSEN,2012
63,8200,MALUKU UTARA,1/1/01,8.47,PERSEN,2012
64,8200,MALUKU UTARA,2/1/01,8.06,PERSEN,2012
65,9100,PAPUA BARAT,1/1/01,28.2,PERSEN,2012
66,9100,PAPUA BARAT,2/1/01,27.04,PERSEN,2012
67,9400,PAPUA,1/1/01,31.11,PERSEN,2012
68,9400,PAPUA,2/1/01,30.66,PERSEN,2012
69,1100,ACEH,1/1/01,17.6,PERSEN,2013
70,1100,ACEH,2/1/01,17.72,PERSEN,2013
71,1200,SUMATERA UTARA,1/1/01,10.06,PERSEN,2013
72,1200,SUMATERA UTARA,2/1/01,10.39,PERSEN,2013
73,1300,SUMATERA BARAT,1/1/01,8.14,PERSEN,2013
74,1300,SUMATERA BARAT,2/1/01,7.56,PERSEN,2013
75,1400,RIAU,1/1/01,7.72,PERSEN,2013
76,1400,RIAU,2/1/01,8.42,PERSEN,2013
77,1500,JAMBI,1/1/01,8.07,PERSEN,2013
78,1500,JAMBI,2/1/01,8.42,PERSEN,2013
79,1600,SUMATERA SELATAN,1/1/01,14.24,PERSEN,2013
80,1600,SUMATERA SELATAN,2/1/01,14.06,PERSEN,2013
81,1700,BENGKULU,1/1/01,18.34,PERSEN,2013
82,1700,BENGKULU,2/1/01,17.75,PERSEN,2013
83,1800,LAMPUNG,1/1/01,14.86,PERSEN,2013
84,1800,LAMPUNG,2/1/01,14.39,PERSEN,2013
85,1900,KEP. BANGKA BELITUNG,1/1/01,5.21,PERSEN,2013
86,1900,KEP. BANGKA BELITUNG,2/1/01,5.25,PERSEN,2013
87,2100,KEPULAUAN RIAU,1/1/01,6.46,PERSEN,2013
88,2100,KEPULAUAN RIAU,2/1/01,6.35,PERSEN,2013
89,3100,DKI JAKARTA,1/1/01,3.55,PERSEN,2013
90,3100,DKI JAKARTA,2/1/01,3.72,PERSEN,2013
91,3200,JAWA BARAT,1/1/01,9.52,PERSEN,2013
92,3200,JAWA BARAT,2/1/01,9.61,PERSEN,2013
93,3300,JAWA TENGAH,1/1/01,14.56,PERSEN,2013
94,3300,JAWA TENGAH,2/1/01,14.44,PERSEN,2013
95,3400,D I YOGYAKARTA,1/1/01,15.43,PERSEN,2013
96,3400,D I YOGYAKARTA,2/1/01,15.03,PERSEN,2013
97,3500,JAWA TIMUR,1/1/01,12.55,PERSEN,2013
98,3500,JAWA TIMUR,2/1/01,12.73,PERSEN,2013
99,3600,BANTEN,1/1/01,5.74,PERSEN,2013
100,3600,BANTEN,2/1/01,5.89,PERSEN,2013
101,5100,BALI,1/1/01,3.95,PERSEN,2013
102,5100,BALI,2/1/01,4.49,PERSEN,2013
103,5200,NUSA TENGGARA BARAT,1/1/01,17.97,PERSEN,2013
104,5200,NUSA TENGGARA BARAT,2/1/01,17.25,PERSEN,2013
105,5300,NUSA TENGGARA TIMUR,1/1/01,20.03,PERSEN,2013
106,5300,NUSA TENGGARA TIMUR,2/1/01,20.24,PERSEN,2013
107,6100,KALIMANTAN BARAT,1/1/01,8.24,PERSEN,2013
108,6100,KALIMANTAN BARAT,2/1/01,8.74,PERSEN,2013
109,6200,KALIMANTAN TENGAH,1/1/01,5.93,PERSEN,2013
110,6200,KALIMANTAN TENGAH,2/1/01,6.23,PERSEN,2013
111,6300,KALIMANTAN SELATAN,1/1/01,4.77,PERSEN,2013
112,6300,KALIMANTAN SELATAN,2/1/01,4.76,PERSEN,2013
113,6400,KALIMANTAN TIMUR,1/1/01,6.06,PERSEN,2013
114,6400,KALIMANTAN TIMUR,2/1/01,6.38,PERSEN,2013
115,6500,KALIMANTAN UTARA,1/1/01,0.0,PERSEN,2013
116,6500,KALIMANTAN UTARA,2/1/01,0.0,PERSEN,2013
117,7100,SULAWESI UTARA,1/1/01,7.88,PERSEN,2013
118,7100,SULAWESI UTARA,2/1/01,8.5,PERSEN,2013
119,7200,SULAWESI TENGAH,1/1/01,14.67,PERSEN,2013
120,7200,SULAWESI TENGAH,2/1/01,14.32,PERSEN,2013
121,7300,SULAWESI SELATAN,1/1/01,9.54,PERSEN,2013
122,7300,SULAWESI SELATAN,2/1/01,10.32,PERSEN,2013
123,7400,SULAWESI TENGGARA,1/1/01,12.83,PERSEN,2013
124,7400,SULAWESI TENGGARA,2/1/01,13.73,PERSEN,2013
125,7500,GORONTALO,1/1/01,17.51,PERSEN,2013
126,7500,GORONTALO,2/1/01,18.01,PERSEN,2013
127,7600,SULAWESI BARAT,1/1/01,12.3,PERSEN,2013
128,7600,SULAWESI BARAT,2/1/01,12.23,PERSEN,2013
129,8100,MALUKU,1/1/01,19.49,PERSEN,2013
130,8100,MALUKU,2/1/01,19.27,PERSEN,2013
131,8200,MALUKU UTARA,1/1/01,7.5,PERSEN,2013
132,8200,MALUKU UTARA,2/1/01,7.64,PERSEN,2013
133,9100,PAPUA BARAT,1/1/01,26.67,PERSEN,2013
134,9100,PAPUA BARAT,2/1/01,27.14,PERSEN,2013
135,9400,PAPUA,1/1/01,31.13,PERSEN,2013
136,9400,PAPUA,2/1/01,31.53,PERSEN,2013
137,1100,ACEH,1/1/01,18.05,PERSEN,2014
138,1100,ACEH,2/1/01,16.98,PERSEN,2014
139,1200,SUMATERA UTARA,1/1/01,9.38,PERSEN,2014
140,1200,SUMATERA UTARA,2/1/01,9.85,PERSEN,2014
141,1300,SUMATERA BARAT,1/1/01,7.41,PERSEN,2014
142,1300,SUMATERA BARAT,2/1/01,6.89,PERSEN,2014
143,1400,RIAU,1/1/01,8.12,PERSEN,2014
144,1400,RIAU,2/1/01,7.99,PERSEN,2014
145,1500,JAMBI,1/1/01,7.92,PERSEN,2014
146,1500,JAMBI,2/1/01,8.39,PERSEN,2014
147,1600,SUMATERA SELATAN,1/1/01,13.91,PERSEN,2014
148,1600,SUMATERA SELATAN,2/1/01,13.62,PERSEN,2014
149,1700,BENGKULU,1/1/01,17.48,PERSEN,2014
150,1700,BENGKULU,2/1/01,17.09,PERSEN,2014
151,1800,LAMPUNG,1/1/01,14.28,PERSEN,2014
152,1800,LAMPUNG,2/1/01,14.21,PERSEN,2014
153,1900,KEP. BANGKA BELITUNG,1/1/01,5.36,PERSEN,2014
154,1900,KEP. BANGKA BELITUNG,2/1/01,4.97,PERSEN,2014
155,2100,KEPULAUAN RIAU,1/1/01,6.7,PERSEN,2014
156,2100,KEPULAUAN RIAU,2/1/01,6.4,PERSEN,2014
157,3100,DKI JAKARTA,1/1/01,3.92,PERSEN,2014
158,3100,DKI JAKARTA,2/1/01,4.09,PERSEN,2014
159,3200,JAWA BARAT,1/1/01,9.44,PERSEN,2014
160,3200,JAWA BARAT,2/1/01,9.18,PERSEN,2014
161,3300,JAWA TENGAH,1/1/01,14.46,PERSEN,2014
162,3300,JAWA TENGAH,2/1/01,13.58,PERSEN,2014
163,3400,D I YOGYAKARTA,1/1/01,15.0,PERSEN,2014
164,3400,D I YOGYAKARTA,2/1/01,14.55,PERSEN,2014
165,3500,JAWA TIMUR,1/1/01,12.42,PERSEN,2014
166,3500,JAWA TIMUR,2/1/01,12.28,PERSEN,2014
167,3600,BANTEN,1/1/01,5.35,PERSEN,2014
168,3600,BANTEN,2/1/01,5.51,PERSEN,2014
169,5100,BALI,1/1/01,4.53,PERSEN,2014
170,5100,BALI,2/1/01,4.76,PERSEN,2014
171,5200,NUSA TENGGARA BARAT,1/1/01,17.25,PERSEN,2014
172,5200,NUSA TENGGARA BARAT,2/1/01,17.05,PERSEN,2014
173,5300,NUSA TENGGARA TIMUR,1/1/01,19.82,PERSEN,2014
174,5300,NUSA TENGGARA TIMUR,2/1/01,19.6,PERSEN,2014
175,6100,KALIMANTAN BARAT,1/1/01,8.54,PERSEN,2014
176,6100,KALIMANTAN BARAT,2/1/01,8.07,PERSEN,2014
177,6200,KALIMANTAN TENGAH,1/1/01,6.03,PERSEN,2014
178,6200,KALIMANTAN TENGAH,2/1/01,6.07,PERSEN,2014
179,6300,KALIMANTAN SELATAN,1/1/01,4.68,PERSEN,2014
180,6300,KALIMANTAN SELATAN,2/1/01,4.81,PERSEN,2014
181,6400,KALIMANTAN TIMUR,1/1/01,6.42,PERSEN,2014
182,6400,KALIMANTAN TIMUR,2/1/01,6.31,PERSEN,2014
183,6500,KALIMANTAN UTARA,1/1/01,0.0,PERSEN,2014
184,6500,KALIMANTAN UTARA,2/1/01,0.0,PERSEN,2014
185,7100,SULAWESI UTARA,1/1/01,8.75,PERSEN,2014
186,7100,SULAWESI UTARA,2/1/01,8.26,PERSEN,2014
187,7200,SULAWESI TENGAH,1/1/01,13.93,PERSEN,2014
188,7200,SULAWESI TENGAH,2/1/01,13.61,PERSEN,2014
189,7300,SULAWESI SELATAN,1/1/01,10.28,PERSEN,2014
190,7300,SULAWESI SELATAN,2/1/01,9.54,PERSEN,2014
191,7400,SULAWESI TENGGARA,1/1/01,14.05,PERSEN,2014
192,7400,SULAWESI TENGGARA,2/1/01,12.77,PERSEN,2014
193,7500,GORONTALO,1/1/01,17.44,PERSEN,2014
194,7500,GORONTALO,2/1/01,17.41,PERSEN,2014
195,7600,SULAWESI BARAT,1/1/01,12.27,PERSEN,2014
196,7600,SULAWESI BARAT,2/1/01,12.05,PERSEN,2014
197,8100,MALUKU,1/1/01,19.13,PERSEN,2014
198,8100,MALUKU,2/1/01,18.44,PERSEN,2014
199,8200,MALUKU UTARA,1/1/01,7.3,PERSEN,2014
200,8200,MALUKU UTARA,2/1/01,7.41,PERSEN,2014
201,9100,PAPUA BARAT,1/1/01,27.13,PERSEN,2014
202,9100,PAPUA BARAT,2/1/01,26.26,PERSEN,2014
203,9400,PAPUA,1/1/01,30.05,PERSEN,2014
204,9400,PAPUA,2/1/01,27.8,PERSEN,2014
205,1100,ACEH,1/1/01,17.08,PERSEN,2015
206,1100,ACEH,2/1/01,17.11,PERSEN,2015
207,1200,SUMATERA UTARA,1/1/01,10.53,PERSEN,2015
208,1200,SUMATERA UTARA,2/1/01,10.79,PERSEN,2015
209,1300,SUMATERA BARAT,1/1/01,7.31,PERSEN,2015
210,1300,SUMATERA BARAT,2/1/01,6.71,PERSEN,2015
211,1400,RIAU,1/1/01,8.42,PERSEN,2015
212,1400,RIAU,2/1/01,8.82,PERSEN,2015
213,1500,JAMBI,1/1/01,8.86,PERSEN,2015
214,1500,JAMBI,2/1/01,9.12,PERSEN,2015
215,1600,SUMATERA SELATAN,1/1/01,14.25,PERSEN,2015
216,1600,SUMATERA SELATAN,2/1/01,13.77,PERSEN,2015
217,1700,BENGKULU,1/1/01,17.88,PERSEN,2015
218,1700,BENGKULU,2/1/01,17.16,PERSEN,2015
219,1800,LAMPUNG,1/1/01,14.35,PERSEN,2015
220,1800,LAMPUNG,2/1/01,13.53,PERSEN,2015
221,1900,KEP. BANGKA BELITUNG,1/1/01,5.4,PERSEN,2015
222,1900,KEP. BANGKA BELITUNG,2/1/01,4.83,PERSEN,2015
223,2100,KEPULAUAN RIAU,1/1/01,6.24,PERSEN,2015
224,2100,KEPULAUAN RIAU,2/1/01,5.78,PERSEN,2015
225,3100,DKI JAKARTA,1/1/01,3.93,PERSEN,2015
226,3100,DKI JAKARTA,2/1/01,3.61,PERSEN,2015
227,3200,JAWA BARAT,1/1/01,9.53,PERSEN,2015
228,3200,JAWA BARAT,2/1/01,9.57,PERSEN,2015
229,3300,JAWA TENGAH,1/1/01,13.58,PERSEN,2015
230,3300,JAWA TENGAH,2/1/01,13.32,PERSEN,2015
231,3400,D I YOGYAKARTA,1/1/01,14.91,PERSEN,2015
232,3400,D I YOGYAKARTA,2/1/01,13.16,PERSEN,2015
233,3500,JAWA TIMUR,1/1/01,12.34,PERSEN,2015
234,3500,JAWA TIMUR,2/1/01,12.28,PERSEN,2015
235,3600,BANTEN,1/1/01,5.9,PERSEN,2015
236,3600,BANTEN,2/1/01,5.75,PERSEN,2015
237,5100,BALI,1/1/01,4.74,PERSEN,2015
238,5100,BALI,2/1/01,5.25,PERSEN,2015
239,5200,NUSA TENGGARA BARAT,1/1/01,17.1,PERSEN,2015
240,5200,NUSA TENGGARA BARAT,2/1/01,16.54,PERSEN,2015
241,5300,NUSA TENGGARA TIMUR,1/1/01,22.61,PERSEN,2015
242,5300,NUSA TENGGARA TIMUR,2/1/01,22.58,PERSEN,2015
243,6100,KALIMANTAN BARAT,1/1/01,8.03,PERSEN,2015
244,6100,KALIMANTAN BARAT,2/1/01,8.44,PERSEN,2015
245,6200,KALIMANTAN TENGAH,1/1/01,5.94,PERSEN,2015
246,6200,KALIMANTAN TENGAH,2/1/01,5.91,PERSEN,2015
247,6300,KALIMANTAN SELATAN,1/1/01,4.99,PERSEN,2015
248,6300,KALIMANTAN SELATAN,2/1/01,4.72,PERSEN,2015
249,6400,KALIMANTAN TIMUR,1/1/01,6.23,PERSEN,2015
250,6400,KALIMANTAN TIMUR,2/1/01,6.1,PERSEN,2015
251,6500,KALIMANTAN UTARA,1/1/01,6.24,PERSEN,2015
252,6500,KALIMANTAN UTARA,2/1/01,6.32,PERSEN,2015
253,7100,SULAWESI UTARA,1/1/01,8.65,PERSEN,2015
254,7100,SULAWESI UTARA,2/1/01,8.98,PERSEN,2015
255,7200,SULAWESI TENGAH,1/1/01,14.66,PERSEN,2015
256,7200,SULAWESI TENGAH,2/1/01,14.07,PERSEN,2015
257,7300,SULAWESI SELATAN,1/1/01,9.39,PERSEN,2015
258,7300,SULAWESI SELATAN,2/1/01,10.12,PERSEN,2015
259,7400,SULAWESI TENGGARA,1/1/01,12.9,PERSEN,2015
260,7400,SULAWESI TENGGARA,2/1/01,13.74,PERSEN,2015
261,7500,GORONTALO,1/1/01,18.32,PERSEN,2015
262,7500,GORONTALO,2/1/01,18.16,PERSEN,2015
263,7600,SULAWESI BARAT,1/1/01,12.4,PERSEN,2015
264,7600,SULAWESI BARAT,2/1/01,11.9,PERSEN,2015
265,8100,MALUKU,1/1/01,19.51,PERSEN,2015
266,8100,MALUKU,2/1/01,19.36,PERSEN,2015
267,8200,MALUKU UTARA,1/1/01,6.84,PERSEN,2015
268,8200,MALUKU UTARA,2/1/01,6.22,PERSEN,2015
269,9100,PAPUA BARAT,1/1/01,25.82,PERSEN,2015
270,9100,PAPUA BARAT,2/1/01,25.73,PERSEN,2015
271,9400,PAPUA,1/1/01,28.17,PERSEN,2015
272,9400,PAPUA,2/1/01,28.4,PERSEN,2015
273,1100,ACEH,1/1/01,16.73,PERSEN,2016
274,1100,ACEH,2/1/01,16.43,PERSEN,2016
275,1200,SUMATERA UTARA,1/1/01,10.35,PERSEN,2016
276,1200,SUMATERA UTARA,2/1/01,10.27,PERSEN,2016
277,1300,SUMATERA BARAT,1/1/01,7.09,PERSEN,2016
278,1300,SUMATERA BARAT,2/1/01,7.14,PERSEN,2016
279,1400,RIAU,1/1/01,7.98,PERSEN,2016
280,1400,RIAU,2/1/01,7.67,PERSEN,2016
281,1500,JAMBI,1/1/01,8.41,PERSEN,2016
282,1500,JAMBI,2/1/01,8.37,PERSEN,2016
283,1600,SUMATERA SELATAN,1/1/01,13.54,PERSEN,2016
284,1600,SUMATERA SELATAN,2/1/01,13.39,PERSEN,2016
285,1700,BENGKULU,1/1/01,17.32,PERSEN,2016
286,1700,BENGKULU,2/1/01,17.03,PERSEN,2016
287,1800,LAMPUNG,1/1/01,14.29,PERSEN,2016
288,1800,LAMPUNG,2/1/01,13.86,PERSEN,2016
289,1900,KEP. BANGKA BELITUNG,1/1/01,5.22,PERSEN,2016
290,1900,KEP. BANGKA BELITUNG,2/1/01,5.04,PERSEN,2016
291,2100,KEPULAUAN RIAU,1/1/01,5.98,PERSEN,2016
292,2100,KEPULAUAN RIAU,2/1/01,5.84,PERSEN,2016
293,3100,DKI JAKARTA,1/1/01,3.75,PERSEN,2016
294,3100,DKI JAKARTA,2/1/01,3.75,PERSEN,2016
295,3200,JAWA BARAT,1/1/01,8.95,PERSEN,2016
296,3200,JAWA BARAT,2/1/01,8.77,PERSEN,2016
297,3300,JAWA TENGAH,1/1/01,13.27,PERSEN,2016
298,3300,JAWA TENGAH,2/1/01,13.19,PERSEN,2016
299,3400,D I YOGYAKARTA,1/1/01,13.34,PERSEN,2016
300,3400,D I YOGYAKARTA,2/1/01,13.1,PERSEN,2016
301,3500,JAWA TIMUR,1/1/01,12.05,PERSEN,2016
302,3500,JAWA TIMUR,2/1/01,11.85,PERSEN,2016
303,3600,BANTEN,1/1/01,5.42,PERSEN,2016
304,3600,BANTEN,2/1/01,5.36,PERSEN,2016
305,5100,BALI,1/1/01,4.25,PERSEN,2016
306,5100,BALI,2/1/01,4.15,PERSEN,2016
307,5200,NUSA TENGGARA BARAT,1/1/01,16.48,PERSEN,2016
308,5200,NUSA TENGGARA BARAT,2/1/01,16.02,PERSEN,2016
309,5300,NUSA TENGGARA TIMUR,1/1/01,22.19,PERSEN,2016
310,5300,NUSA TENGGARA TIMUR,2/1/01,22.01,PERSEN,2016
311,6100,KALIMANTAN BARAT,1/1/01,7.87,PERSEN,2016
312,6100,KALIMANTAN BARAT,2/1/01,8.0,PERSEN,2016
313,6200,KALIMANTAN TENGAH,1/1/01,5.66,PERSEN,2016
314,6200,KALIMANTAN TENGAH,2/1/01,5.36,PERSEN,2016
315,6300,KALIMANTAN SELATAN,1/1/01,4.85,PERSEN,2016
316,6300,KALIMANTAN SELATAN,2/1/01,4.52,PERSEN,2016
317,6400,KALIMANTAN TIMUR,1/1/01,6.11,PERSEN,2016
318,6400,KALIMANTAN TIMUR,2/1/01,6.0,PERSEN,2016
319,6500,KALIMANTAN UTARA,1/1/01,6.23,PERSEN,2016
320,6500,KALIMANTAN UTARA,2/1/01,6.99,PERSEN,2016
321,7100,SULAWESI UTARA,1/1/01,8.34,PERSEN,2016
322,7100,SULAWESI UTARA,2/1/01,8.2,PERSEN,2016
323,7200,SULAWESI TENGAH,1/1/01,14.45,PERSEN,2016
324,7200,SULAWESI TENGAH,2/1/01,14.09,PERSEN,2016
325,7300,SULAWESI SELATAN,1/1/01,9.4,PERSEN,2016
326,7300,SULAWESI SELATAN,2/1/01,9.24,PERSEN,2016
327,7400,SULAWESI TENGGARA,1/1/01,12.88,PERSEN,2016
328,7400,SULAWESI TENGGARA,2/1/01,12.77,PERSEN,2016
329,7500,GORONTALO,1/1/01,17.72,PERSEN,2016
330,7500,GORONTALO,2/1/01,17.63,PERSEN,2016
331,7600,SULAWESI BARAT,1/1/01,11.74,PERSEN,2016
332,7600,SULAWESI BARAT,2/1/01,11.19,PERSEN,2016
333,8100,MALUKU,1/1/01,19.18,PERSEN,2016
334,8100,MALUKU,2/1/01,19.26,PERSEN,2016
335,8200,MALUKU UTARA,1/1/01,6.33,PERSEN,2016
336,8200,MALUKU UTARA,2/1/01,6.41,PERSEN,2016
337,9100,PAPUA BARAT,1/1/01,25.43,PERSEN,2016
338,9100,PAPUA BARAT,2/1/01,24.88,PERSEN,2016
339,9400,PAPUA,1/1/01,28.54,PERSEN,2016
340,9400,PAPUA,2/1/01,28.4,PERSEN,2016
341,1100,ACEH,1/1/01,16.89,PERSEN,2017
342,1100,ACEH,2/1/01,15.92,PERSEN,2017
343,1200,SUMATERA UTARA,1/1/01,10.22,PERSEN,2017
344,1200,SUMATERA UTARA,2/1/01,9.28,PERSEN,2017
345,1300,SUMATERA BARAT,1/1/01,6.87,PERSEN,2017
346,1300,SUMATERA BARAT,2/1/01,6.75,PERSEN,2017
347,1400,RIAU,1/1/01,7.78,PERSEN,2017
348,1400,RIAU,2/1/01,7.41,PERSEN,2017
349,1500,JAMBI,1/1/01,8.19,PERSEN,2017
350,1500,JAMBI,2/1/01,7.9,PERSEN,2017
351,1600,SUMATERA SELATAN,1/1/01,13.19,PERSEN,2017
352,1600,SUMATERA SELATAN,2/1/01,13.1,PERSEN,2017
353,1700,BENGKULU,1/1/01,16.45,PERSEN,2017
354,1700,BENGKULU,2/1/01,15.59,PERSEN,2017
355,1800,LAMPUNG,1/1/01,13.69,PERSEN,2017
356,1800,LAMPUNG,2/1/01,13.04,PERSEN,2017
357,1900,KEP. BANGKA BELITUNG,1/1/01,5.2,PERSEN,2017
358,1900,KEP. BANGKA BELITUNG,2/1/01,5.3,PERSEN,2017
359,2100,KEPULAUAN RIAU,1/1/01,6.06,PERSEN,2017
360,2100,KEPULAUAN RIAU,2/1/01,6.13,PERSEN,2017
361,3100,DKI JAKARTA,1/1/01,3.77,PERSEN,2017
362,3100,DKI JAKARTA,2/1/01,3.78,PERSEN,2017
363,3200,JAWA BARAT,1/1/01,8.71,PERSEN,2017
364,3200,JAWA BARAT,2/1/01,7.83,PERSEN,2017
365,3300,JAWA TENGAH,1/1/01,13.01,PERSEN,2017
366,3300,JAWA TENGAH,2/1/01,12.23,PERSEN,2017
367,3400,D I YOGYAKARTA,1/1/01,13.02,PERSEN,2017
368,3400,D I YOGYAKARTA,2/1/01,12.36,PERSEN,2017
369,3500,JAWA TIMUR,1/1/01,11.77,PERSEN,2017
370,3500,JAWA TIMUR,2/1/01,11.2,PERSEN,2017
371,3600,BANTEN,1/1/01,5.45,PERSEN,2017
372,3600,BANTEN,2/1/01,5.59,PERSEN,2017
373,5100,BALI,1/1/01,4.25,PERSEN,2017
374,5100,BALI,2/1/01,4.14,PERSEN,2017
375,5200,NUSA TENGGARA BARAT,1/1/01,16.07,PERSEN,2017
376,5200,NUSA TENGGARA BARAT,2/1/01,15.05,PERSEN,2017
377,5300,NUSA TENGGARA TIMUR,1/1/01,21.85,PERSEN,2017
378,5300,NUSA TENGGARA TIMUR,2/1/01,21.38,PERSEN,2017
379,6100,KALIMANTAN BARAT,1/1/01,7.88,PERSEN,2017
380,6100,KALIMANTAN BARAT,2/1/01,7.86,PERSEN,2017
381,6200,KALIMANTAN TENGAH,1/1/01,5.37,PERSEN,2017
382,6200,KALIMANTAN TENGAH,2/1/01,5.26,PERSEN,2017
383,6300,KALIMANTAN SELATAN,1/1/01,4.73,PERSEN,2017
384,6300,KALIMANTAN SELATAN,2/1/01,4.7,PERSEN,2017
385,6400,KALIMANTAN TIMUR,1/1/01,6.19,PERSEN,2017
386,6400,KALIMANTAN TIMUR,2/1/01,6.08,PERSEN,2017
387,6500,KALIMANTAN UTARA,1/1/01,7.22,PERSEN,2017
388,6500,KALIMANTAN UTARA,2/1/01,6.96,PERSEN,2017
389,7100,SULAWESI UTARA,1/1/01,8.1,PERSEN,2017
390,7100,SULAWESI UTARA,2/1/01,7.9,PERSEN,2017
391,7200,SULAWESI TENGAH,1/1/01,14.14,PERSEN,2017
392,7200,SULAWESI TENGAH,2/1/01,14.22,PERSEN,2017
393,7300,SULAWESI SELATAN,1/1/01,9.38,PERSEN,2017
394,7300,SULAWESI SELATAN,2/1/01,9.48,PERSEN,2017
395,7400,SULAWESI TENGGARA,1/1/01,12.81,PERSEN,2017
396,7400,SULAWESI TENGGARA,2/1/01,11.97,PERSEN,2017
397,7500,GORONTALO,1/1/01,17.65,PERSEN,2017
398,7500,GORONTALO,2/1/01,17.14,PERSEN,2017
399,7600,SULAWESI BARAT,1/1/01,11.3,PERSEN,2017
400,7600,SULAWESI BARAT,2/1/01,11.18,PERSEN,2017
401,8100,MALUKU,1/1/01,18.45,PERSEN,2017
402,8100,MALUKU,2/1/01,18.29,PERSEN,2017
403,8200,MALUKU UTARA,1/1/01,6.35,PERSEN,2017
404,8200,MALUKU UTARA,2/1/01,6.44,PERSEN,2017
405,9100,PAPUA BARAT,1/1/01,25.1,PERSEN,2017
406,9100,PAPUA BARAT,2/1/01,23.12,PERSEN,2017
407,9400,PAPUA,1/1/01,27.62,PERSEN,2017
408,9400,PAPUA,2/1/01,27.76,PERSEN,2017
409,1100,ACEH,1/1/01,15.97,PERSEN,2018
410,1100,ACEH,2/1/01,15.68,PERSEN,2018
411,1200,SUMATERA UTARA,1/1/01,9.22,PERSEN,2018
412,1200,SUMATERA UTARA,2/1/01,8.94,PERSEN,2018
413,1300,SUMATERA BARAT,1/1/01,6.65,PERSEN,2018
414,1300,SUMATERA BARAT,2/1/01,6.55,PERSEN,2018
415,1400,RIAU,1/1/01,7.39,PERSEN,2018
416,1400,RIAU,2/1/01,7.21,PERSEN,2018
417,1500,JAMBI,1/1/01,7.92,PERSEN,2018
418,1500,JAMBI,2/1/01,7.85,PERSEN,2018
419,1600,SUMATERA SELATAN,1/1/01,12.8,PERSEN,2018
420,1600,SUMATERA SELATAN,2/1/01,12.82,PERSEN,2018
421,1700,BENGKULU,1/1/01,15.43,PERSEN,2018
422,1700,BENGKULU,2/1/01,15.41,PERSEN,2018
423,1800,LAMPUNG,1/1/01,13.14,PERSEN,2018
424,1800,LAMPUNG,2/1/01,13.01,PERSEN,2018
425,1900,KEP. BANGKA BELITUNG,1/1/01,5.25,PERSEN,2018
426,1900,KEP. BANGKA BELITUNG,2/1/01,4.77,PERSEN,2018
427,2100,KEPULAUAN RIAU,1/1/01,6.2,PERSEN,2018
428,2100,KEPULAUAN RIAU,2/1/01,5.83,PERSEN,2018
429,3100,DKI JAKARTA,1/1/01,3.57,PERSEN,2018
430,3100,DKI JAKARTA,2/1/01,3.55,PERSEN,2018
431,3200,JAWA BARAT,1/1/01,7.45,PERSEN,2018
432,3200,JAWA BARAT,2/1/01,7.25,PERSEN,2018
433,3300,JAWA TENGAH,1/1/01,11.32,PERSEN,2018
434,3300,JAWA TENGAH,2/1/01,11.19,PERSEN,2018
435,3400,D I YOGYAKARTA,1/1/01,12.13,PERSEN,2018
436,3400,D I YOGYAKARTA,2/1/01,11.81,PERSEN,2018
437,3500,JAWA TIMUR,1/1/01,10.98,PERSEN,2018
438,3500,JAWA TIMUR,2/1/01,10.85,PERSEN,2018
439,3600,BANTEN,1/1/01,5.24,PERSEN,2018
440,3600,BANTEN,2/1/01,5.25,PERSEN,2018
441,5100,BALI,1/1/01,4.01,PERSEN,2018
442,5100,BALI,2/1/01,3.91,PERSEN,2018
443,5200,NUSA TENGGARA BARAT,1/1/01,14.75,PERSEN,2018
444,5200,NUSA TENGGARA BARAT,2/1/01,14.63,PERSEN,2018
445,5300,NUSA TENGGARA TIMUR,1/1/01,21.35,PERSEN,2018
446,5300,NUSA TENGGARA TIMUR,2/1/01,21.03,PERSEN,2018
447,6100,KALIMANTAN BARAT,1/1/01,7.77,PERSEN,2018
448,6100,KALIMANTAN BARAT,2/1/01,7.37,PERSEN,2018
449,6200,KALIMANTAN TENGAH,1/1/01,5.17,PERSEN,2018
450,6200,KALIMANTAN TENGAH,2/1/01,5.1,PERSEN,2018
451,6300,KALIMANTAN SELATAN,1/1/01,4.54,PERSEN,2018
452,6300,KALIMANTAN SELATAN,2/1/01,4.65,PERSEN,2018
453,6400,KALIMANTAN TIMUR,1/1/01,6.03,PERSEN,2018
454,6400,KALIMANTAN TIMUR,2/1/01,6.06,PERSEN,2018
455,6500,KALIMANTAN UTARA,1/1/01,7.09,PERSEN,2018
456,6500,KALIMANTAN UTARA,2/1/01,6.86,PERSEN,2018
457,7100,SULAWESI UTARA,1/1/01,7.8,PERSEN,2018
458,7100,SULAWESI UTARA,2/1/01,7.59,PERSEN,2018
459,7200,SULAWESI TENGAH,1/1/01,14.01,PERSEN,2018
460,7200,SULAWESI TENGAH,2/1/01,13.69,PERSEN,2018
461,7300,SULAWESI SELATAN,1/1/01,9.06,PERSEN,2018
462,7300,SULAWESI SELATAN,2/1/01,8.87,PERSEN,2018
463,7400,SULAWESI TENGGARA,1/1/01,11.63,PERSEN,2018
464,7400,SULAWESI TENGGARA,2/1/01,11.32,PERSEN,2018
465,7500,GORONTALO,1/1/01,16.81,PERSEN,2018
466,7500,GORONTALO,2/1/01,15.83,PERSEN,2018
467,7600,SULAWESI BARAT,1/1/01,11.25,PERSEN,2018
468,7600,SULAWESI BARAT,2/1/01,11.22,PERSEN,2018
469,8100,MALUKU,1/1/01,18.12,PERSEN,2018
470,8100,MALUKU,2/1/01,17.85,PERSEN,2018
471,8200,MALUKU UTARA,1/1/01,6.64,PERSEN,2018
472,8200,MALUKU UTARA,2/1/01,6.62,PERSEN,2018
473,9100,PAPUA BARAT,1/1/01,23.01,PERSEN,2018
474,9100,PAPUA BARAT,2/1/01,22.66,PERSEN,2018
475,9400,PAPUA,1/1/01,27.74,PERSEN,2018
476,9400,PAPUA,2/1/01,27.43,PERSEN,2018
